"","ownhh","degree","fdegree","fdegree4"
"1",1,0,"<HS","<HS"
"2",1,0,"<HS","<HS"
"3",1,0,"<HS","<HS"
"4",1,0,"<HS","<HS"
"5",1,0,"<HS","<HS"
"6",1,0,"<HS","<HS"
"7",1,0,"<HS","<HS"
"8",1,0,"<HS","<HS"
"9",1,0,"<HS","<HS"
"10",1,0,"<HS","<HS"
"11",1,0,"<HS","<HS"
"12",1,0,"<HS","<HS"
"13",1,0,"<HS","<HS"
"14",1,0,"<HS","<HS"
"15",1,0,"<HS","<HS"
"16",1,0,"<HS","<HS"
"17",1,0,"<HS","<HS"
"18",1,0,"<HS","<HS"
"19",1,0,"<HS","<HS"
"20",1,0,"<HS","<HS"
"21",1,0,"<HS","<HS"
"22",1,0,"<HS","<HS"
"23",1,0,"<HS","<HS"
"24",1,0,"<HS","<HS"
"25",1,0,"<HS","<HS"
"26",1,0,"<HS","<HS"
"27",1,0,"<HS","<HS"
"28",1,0,"<HS","<HS"
"29",1,0,"<HS","<HS"
"30",1,0,"<HS","<HS"
"31",1,0,"<HS","<HS"
"32",1,0,"<HS","<HS"
"33",1,0,"<HS","<HS"
"34",1,0,"<HS","<HS"
"35",1,0,"<HS","<HS"
"36",1,0,"<HS","<HS"
"37",1,0,"<HS","<HS"
"38",1,0,"<HS","<HS"
"39",1,0,"<HS","<HS"
"40",1,0,"<HS","<HS"
"41",1,0,"<HS","<HS"
"42",1,0,"<HS","<HS"
"43",1,0,"<HS","<HS"
"44",1,0,"<HS","<HS"
"45",1,0,"<HS","<HS"
"46",1,0,"<HS","<HS"
"47",1,0,"<HS","<HS"
"48",1,0,"<HS","<HS"
"49",1,0,"<HS","<HS"
"50",1,0,"<HS","<HS"
"51",1,0,"<HS","<HS"
"52",1,0,"<HS","<HS"
"53",1,1,"HS","HS-JC"
"54",1,1,"HS","HS-JC"
"55",1,1,"HS","HS-JC"
"56",1,1,"HS","HS-JC"
"57",1,1,"HS","HS-JC"
"58",1,1,"HS","HS-JC"
"59",1,1,"HS","HS-JC"
"60",1,1,"HS","HS-JC"
"61",1,1,"HS","HS-JC"
"62",1,1,"HS","HS-JC"
"63",1,1,"HS","HS-JC"
"64",1,1,"HS","HS-JC"
"65",1,1,"HS","HS-JC"
"66",1,1,"HS","HS-JC"
"67",1,1,"HS","HS-JC"
"68",1,1,"HS","HS-JC"
"69",1,1,"HS","HS-JC"
"70",1,1,"HS","HS-JC"
"71",1,1,"HS","HS-JC"
"72",1,1,"HS","HS-JC"
"73",1,1,"HS","HS-JC"
"74",1,1,"HS","HS-JC"
"75",1,1,"HS","HS-JC"
"76",1,1,"HS","HS-JC"
"77",1,1,"HS","HS-JC"
"78",1,1,"HS","HS-JC"
"79",1,1,"HS","HS-JC"
"80",1,1,"HS","HS-JC"
"81",1,1,"HS","HS-JC"
"82",1,1,"HS","HS-JC"
"83",1,1,"HS","HS-JC"
"84",1,1,"HS","HS-JC"
"85",1,1,"HS","HS-JC"
"86",1,1,"HS","HS-JC"
"87",1,1,"HS","HS-JC"
"88",1,1,"HS","HS-JC"
"89",1,1,"HS","HS-JC"
"90",1,1,"HS","HS-JC"
"91",1,1,"HS","HS-JC"
"92",1,1,"HS","HS-JC"
"93",1,1,"HS","HS-JC"
"94",1,1,"HS","HS-JC"
"95",1,1,"HS","HS-JC"
"96",1,1,"HS","HS-JC"
"97",1,1,"HS","HS-JC"
"98",1,1,"HS","HS-JC"
"99",1,1,"HS","HS-JC"
"100",1,1,"HS","HS-JC"
"101",1,1,"HS","HS-JC"
"102",1,1,"HS","HS-JC"
"103",1,1,"HS","HS-JC"
"104",1,1,"HS","HS-JC"
"105",1,1,"HS","HS-JC"
"106",1,1,"HS","HS-JC"
"107",1,1,"HS","HS-JC"
"108",1,1,"HS","HS-JC"
"109",1,1,"HS","HS-JC"
"110",1,1,"HS","HS-JC"
"111",1,1,"HS","HS-JC"
"112",1,1,"HS","HS-JC"
"113",1,1,"HS","HS-JC"
"114",1,1,"HS","HS-JC"
"115",1,1,"HS","HS-JC"
"116",1,1,"HS","HS-JC"
"117",1,1,"HS","HS-JC"
"118",1,1,"HS","HS-JC"
"119",1,1,"HS","HS-JC"
"120",1,1,"HS","HS-JC"
"121",1,1,"HS","HS-JC"
"122",1,1,"HS","HS-JC"
"123",1,1,"HS","HS-JC"
"124",1,1,"HS","HS-JC"
"125",1,1,"HS","HS-JC"
"126",1,1,"HS","HS-JC"
"127",1,1,"HS","HS-JC"
"128",1,1,"HS","HS-JC"
"129",1,1,"HS","HS-JC"
"130",1,1,"HS","HS-JC"
"131",1,1,"HS","HS-JC"
"132",1,1,"HS","HS-JC"
"133",1,1,"HS","HS-JC"
"134",1,1,"HS","HS-JC"
"135",1,1,"HS","HS-JC"
"136",1,1,"HS","HS-JC"
"137",1,1,"HS","HS-JC"
"138",1,1,"HS","HS-JC"
"139",1,1,"HS","HS-JC"
"140",1,1,"HS","HS-JC"
"141",1,1,"HS","HS-JC"
"142",1,1,"HS","HS-JC"
"143",1,1,"HS","HS-JC"
"144",1,1,"HS","HS-JC"
"145",1,1,"HS","HS-JC"
"146",1,1,"HS","HS-JC"
"147",1,1,"HS","HS-JC"
"148",1,1,"HS","HS-JC"
"149",1,1,"HS","HS-JC"
"150",1,1,"HS","HS-JC"
"151",1,1,"HS","HS-JC"
"152",1,1,"HS","HS-JC"
"153",1,1,"HS","HS-JC"
"154",1,1,"HS","HS-JC"
"155",1,1,"HS","HS-JC"
"156",1,1,"HS","HS-JC"
"157",1,1,"HS","HS-JC"
"158",1,1,"HS","HS-JC"
"159",1,1,"HS","HS-JC"
"160",1,1,"HS","HS-JC"
"161",1,1,"HS","HS-JC"
"162",1,1,"HS","HS-JC"
"163",1,1,"HS","HS-JC"
"164",1,1,"HS","HS-JC"
"165",1,1,"HS","HS-JC"
"166",1,1,"HS","HS-JC"
"167",1,1,"HS","HS-JC"
"168",1,1,"HS","HS-JC"
"169",1,1,"HS","HS-JC"
"170",1,1,"HS","HS-JC"
"171",1,1,"HS","HS-JC"
"172",1,1,"HS","HS-JC"
"173",1,1,"HS","HS-JC"
"174",1,1,"HS","HS-JC"
"175",1,1,"HS","HS-JC"
"176",1,1,"HS","HS-JC"
"177",1,1,"HS","HS-JC"
"178",1,1,"HS","HS-JC"
"179",1,1,"HS","HS-JC"
"180",1,1,"HS","HS-JC"
"181",1,1,"HS","HS-JC"
"182",1,1,"HS","HS-JC"
"183",1,1,"HS","HS-JC"
"184",1,1,"HS","HS-JC"
"185",1,1,"HS","HS-JC"
"186",1,1,"HS","HS-JC"
"187",1,1,"HS","HS-JC"
"188",1,1,"HS","HS-JC"
"189",1,1,"HS","HS-JC"
"190",1,1,"HS","HS-JC"
"191",1,1,"HS","HS-JC"
"192",1,1,"HS","HS-JC"
"193",1,1,"HS","HS-JC"
"194",1,1,"HS","HS-JC"
"195",1,1,"HS","HS-JC"
"196",1,1,"HS","HS-JC"
"197",1,1,"HS","HS-JC"
"198",1,1,"HS","HS-JC"
"199",1,1,"HS","HS-JC"
"200",1,1,"HS","HS-JC"
"201",1,1,"HS","HS-JC"
"202",1,1,"HS","HS-JC"
"203",1,1,"HS","HS-JC"
"204",1,1,"HS","HS-JC"
"205",1,1,"HS","HS-JC"
"206",1,1,"HS","HS-JC"
"207",1,1,"HS","HS-JC"
"208",1,1,"HS","HS-JC"
"209",1,1,"HS","HS-JC"
"210",1,1,"HS","HS-JC"
"211",1,1,"HS","HS-JC"
"212",1,1,"HS","HS-JC"
"213",1,1,"HS","HS-JC"
"214",1,1,"HS","HS-JC"
"215",1,1,"HS","HS-JC"
"216",1,1,"HS","HS-JC"
"217",1,1,"HS","HS-JC"
"218",1,1,"HS","HS-JC"
"219",1,1,"HS","HS-JC"
"220",1,1,"HS","HS-JC"
"221",1,1,"HS","HS-JC"
"222",1,1,"HS","HS-JC"
"223",1,1,"HS","HS-JC"
"224",1,1,"HS","HS-JC"
"225",1,1,"HS","HS-JC"
"226",1,1,"HS","HS-JC"
"227",1,1,"HS","HS-JC"
"228",1,1,"HS","HS-JC"
"229",1,1,"HS","HS-JC"
"230",1,1,"HS","HS-JC"
"231",1,1,"HS","HS-JC"
"232",1,1,"HS","HS-JC"
"233",1,1,"HS","HS-JC"
"234",1,1,"HS","HS-JC"
"235",1,1,"HS","HS-JC"
"236",1,1,"HS","HS-JC"
"237",1,1,"HS","HS-JC"
"238",1,1,"HS","HS-JC"
"239",1,1,"HS","HS-JC"
"240",1,1,"HS","HS-JC"
"241",1,1,"HS","HS-JC"
"242",1,1,"HS","HS-JC"
"243",1,1,"HS","HS-JC"
"244",1,1,"HS","HS-JC"
"245",1,1,"HS","HS-JC"
"246",1,1,"HS","HS-JC"
"247",1,1,"HS","HS-JC"
"248",1,1,"HS","HS-JC"
"249",1,1,"HS","HS-JC"
"250",1,1,"HS","HS-JC"
"251",1,2,"JC","HS-JC"
"252",1,2,"JC","HS-JC"
"253",1,2,"JC","HS-JC"
"254",1,2,"JC","HS-JC"
"255",1,2,"JC","HS-JC"
"256",1,2,"JC","HS-JC"
"257",1,2,"JC","HS-JC"
"258",1,2,"JC","HS-JC"
"259",1,2,"JC","HS-JC"
"260",1,2,"JC","HS-JC"
"261",1,2,"JC","HS-JC"
"262",1,2,"JC","HS-JC"
"263",1,2,"JC","HS-JC"
"264",1,2,"JC","HS-JC"
"265",1,2,"JC","HS-JC"
"266",1,2,"JC","HS-JC"
"267",1,2,"JC","HS-JC"
"268",1,2,"JC","HS-JC"
"269",1,2,"JC","HS-JC"
"270",1,2,"JC","HS-JC"
"271",1,2,"JC","HS-JC"
"272",1,2,"JC","HS-JC"
"273",1,2,"JC","HS-JC"
"274",1,2,"JC","HS-JC"
"275",1,2,"JC","HS-JC"
"276",1,2,"JC","HS-JC"
"277",1,2,"JC","HS-JC"
"278",1,2,"JC","HS-JC"
"279",1,2,"JC","HS-JC"
"280",1,2,"JC","HS-JC"
"281",1,2,"JC","HS-JC"
"282",1,2,"JC","HS-JC"
"283",1,2,"JC","HS-JC"
"284",1,2,"JC","HS-JC"
"285",1,2,"JC","HS-JC"
"286",1,2,"JC","HS-JC"
"287",1,2,"JC","HS-JC"
"288",1,2,"JC","HS-JC"
"289",1,3,"BA","BA"
"290",1,3,"BA","BA"
"291",1,3,"BA","BA"
"292",1,3,"BA","BA"
"293",1,3,"BA","BA"
"294",1,3,"BA","BA"
"295",1,3,"BA","BA"
"296",1,3,"BA","BA"
"297",1,3,"BA","BA"
"298",1,3,"BA","BA"
"299",1,3,"BA","BA"
"300",1,3,"BA","BA"
"301",1,3,"BA","BA"
"302",1,3,"BA","BA"
"303",1,3,"BA","BA"
"304",1,3,"BA","BA"
"305",1,3,"BA","BA"
"306",1,3,"BA","BA"
"307",1,3,"BA","BA"
"308",1,3,"BA","BA"
"309",1,3,"BA","BA"
"310",1,3,"BA","BA"
"311",1,3,"BA","BA"
"312",1,3,"BA","BA"
"313",1,3,"BA","BA"
"314",1,3,"BA","BA"
"315",1,3,"BA","BA"
"316",1,3,"BA","BA"
"317",1,3,"BA","BA"
"318",1,3,"BA","BA"
"319",1,3,"BA","BA"
"320",1,3,"BA","BA"
"321",1,3,"BA","BA"
"322",1,3,"BA","BA"
"323",1,3,"BA","BA"
"324",1,3,"BA","BA"
"325",1,3,"BA","BA"
"326",1,3,"BA","BA"
"327",1,3,"BA","BA"
"328",1,3,"BA","BA"
"329",1,3,"BA","BA"
"330",1,3,"BA","BA"
"331",1,3,"BA","BA"
"332",1,3,"BA","BA"
"333",1,3,"BA","BA"
"334",1,3,"BA","BA"
"335",1,3,"BA","BA"
"336",1,3,"BA","BA"
"337",1,3,"BA","BA"
"338",1,3,"BA","BA"
"339",1,3,"BA","BA"
"340",1,3,"BA","BA"
"341",1,3,"BA","BA"
"342",1,3,"BA","BA"
"343",1,3,"BA","BA"
"344",1,3,"BA","BA"
"345",1,3,"BA","BA"
"346",1,3,"BA","BA"
"347",1,3,"BA","BA"
"348",1,3,"BA","BA"
"349",1,3,"BA","BA"
"350",1,3,"BA","BA"
"351",1,3,"BA","BA"
"352",1,3,"BA","BA"
"353",1,3,"BA","BA"
"354",1,3,"BA","BA"
"355",1,3,"BA","BA"
"356",1,3,"BA","BA"
"357",1,3,"BA","BA"
"358",1,3,"BA","BA"
"359",1,3,"BA","BA"
"360",1,3,"BA","BA"
"361",1,4,"Grad","Grad"
"362",1,4,"Grad","Grad"
"363",1,4,"Grad","Grad"
"364",1,4,"Grad","Grad"
"365",1,4,"Grad","Grad"
"366",1,4,"Grad","Grad"
"367",1,4,"Grad","Grad"
"368",1,4,"Grad","Grad"
"369",1,4,"Grad","Grad"
"370",1,4,"Grad","Grad"
"371",1,4,"Grad","Grad"
"372",1,4,"Grad","Grad"
"373",1,4,"Grad","Grad"
"374",1,4,"Grad","Grad"
"375",1,4,"Grad","Grad"
"376",1,4,"Grad","Grad"
"377",1,4,"Grad","Grad"
"378",1,4,"Grad","Grad"
"379",1,4,"Grad","Grad"
"380",1,4,"Grad","Grad"
"381",1,4,"Grad","Grad"
"382",1,4,"Grad","Grad"
"383",1,4,"Grad","Grad"
"384",1,4,"Grad","Grad"
"385",1,4,"Grad","Grad"
"386",1,4,"Grad","Grad"
"387",1,4,"Grad","Grad"
"388",1,4,"Grad","Grad"
"389",1,4,"Grad","Grad"
"390",1,4,"Grad","Grad"
"391",1,4,"Grad","Grad"
"392",1,4,"Grad","Grad"
"393",1,4,"Grad","Grad"
"394",1,4,"Grad","Grad"
"395",1,4,"Grad","Grad"
"396",1,4,"Grad","Grad"
"397",2,0,"<HS","<HS"
"398",2,0,"<HS","<HS"
"399",2,0,"<HS","<HS"
"400",2,0,"<HS","<HS"
"401",2,0,"<HS","<HS"
"402",2,0,"<HS","<HS"
"403",2,0,"<HS","<HS"
"404",2,0,"<HS","<HS"
"405",2,0,"<HS","<HS"
"406",2,0,"<HS","<HS"
"407",2,0,"<HS","<HS"
"408",2,0,"<HS","<HS"
"409",2,0,"<HS","<HS"
"410",2,0,"<HS","<HS"
"411",2,0,"<HS","<HS"
"412",2,0,"<HS","<HS"
"413",2,0,"<HS","<HS"
"414",2,0,"<HS","<HS"
"415",2,0,"<HS","<HS"
"416",2,0,"<HS","<HS"
"417",2,0,"<HS","<HS"
"418",2,0,"<HS","<HS"
"419",2,0,"<HS","<HS"
"420",2,0,"<HS","<HS"
"421",2,0,"<HS","<HS"
"422",2,0,"<HS","<HS"
"423",2,0,"<HS","<HS"
"424",2,0,"<HS","<HS"
"425",2,0,"<HS","<HS"
"426",2,0,"<HS","<HS"
"427",2,0,"<HS","<HS"
"428",2,0,"<HS","<HS"
"429",2,0,"<HS","<HS"
"430",2,0,"<HS","<HS"
"431",2,0,"<HS","<HS"
"432",2,0,"<HS","<HS"
"433",2,0,"<HS","<HS"
"434",2,0,"<HS","<HS"
"435",2,0,"<HS","<HS"
"436",2,0,"<HS","<HS"
"437",2,0,"<HS","<HS"
"438",2,0,"<HS","<HS"
"439",2,0,"<HS","<HS"
"440",2,0,"<HS","<HS"
"441",2,0,"<HS","<HS"
"442",2,0,"<HS","<HS"
"443",2,0,"<HS","<HS"
"444",2,0,"<HS","<HS"
"445",2,0,"<HS","<HS"
"446",2,1,"HS","HS-JC"
"447",2,1,"HS","HS-JC"
"448",2,1,"HS","HS-JC"
"449",2,1,"HS","HS-JC"
"450",2,1,"HS","HS-JC"
"451",2,1,"HS","HS-JC"
"452",2,1,"HS","HS-JC"
"453",2,1,"HS","HS-JC"
"454",2,1,"HS","HS-JC"
"455",2,1,"HS","HS-JC"
"456",2,1,"HS","HS-JC"
"457",2,1,"HS","HS-JC"
"458",2,1,"HS","HS-JC"
"459",2,1,"HS","HS-JC"
"460",2,1,"HS","HS-JC"
"461",2,1,"HS","HS-JC"
"462",2,1,"HS","HS-JC"
"463",2,1,"HS","HS-JC"
"464",2,1,"HS","HS-JC"
"465",2,1,"HS","HS-JC"
"466",2,1,"HS","HS-JC"
"467",2,1,"HS","HS-JC"
"468",2,1,"HS","HS-JC"
"469",2,1,"HS","HS-JC"
"470",2,1,"HS","HS-JC"
"471",2,1,"HS","HS-JC"
"472",2,1,"HS","HS-JC"
"473",2,1,"HS","HS-JC"
"474",2,1,"HS","HS-JC"
"475",2,1,"HS","HS-JC"
"476",2,1,"HS","HS-JC"
"477",2,1,"HS","HS-JC"
"478",2,1,"HS","HS-JC"
"479",2,1,"HS","HS-JC"
"480",2,1,"HS","HS-JC"
"481",2,1,"HS","HS-JC"
"482",2,1,"HS","HS-JC"
"483",2,1,"HS","HS-JC"
"484",2,1,"HS","HS-JC"
"485",2,1,"HS","HS-JC"
"486",2,1,"HS","HS-JC"
"487",2,1,"HS","HS-JC"
"488",2,1,"HS","HS-JC"
"489",2,1,"HS","HS-JC"
"490",2,1,"HS","HS-JC"
"491",2,1,"HS","HS-JC"
"492",2,1,"HS","HS-JC"
"493",2,1,"HS","HS-JC"
"494",2,1,"HS","HS-JC"
"495",2,1,"HS","HS-JC"
"496",2,1,"HS","HS-JC"
"497",2,1,"HS","HS-JC"
"498",2,1,"HS","HS-JC"
"499",2,1,"HS","HS-JC"
"500",2,1,"HS","HS-JC"
"501",2,1,"HS","HS-JC"
"502",2,1,"HS","HS-JC"
"503",2,1,"HS","HS-JC"
"504",2,1,"HS","HS-JC"
"505",2,1,"HS","HS-JC"
"506",2,1,"HS","HS-JC"
"507",2,1,"HS","HS-JC"
"508",2,1,"HS","HS-JC"
"509",2,1,"HS","HS-JC"
"510",2,1,"HS","HS-JC"
"511",2,1,"HS","HS-JC"
"512",2,1,"HS","HS-JC"
"513",2,1,"HS","HS-JC"
"514",2,1,"HS","HS-JC"
"515",2,1,"HS","HS-JC"
"516",2,1,"HS","HS-JC"
"517",2,1,"HS","HS-JC"
"518",2,1,"HS","HS-JC"
"519",2,1,"HS","HS-JC"
"520",2,1,"HS","HS-JC"
"521",2,1,"HS","HS-JC"
"522",2,1,"HS","HS-JC"
"523",2,1,"HS","HS-JC"
"524",2,1,"HS","HS-JC"
"525",2,1,"HS","HS-JC"
"526",2,1,"HS","HS-JC"
"527",2,1,"HS","HS-JC"
"528",2,1,"HS","HS-JC"
"529",2,1,"HS","HS-JC"
"530",2,1,"HS","HS-JC"
"531",2,1,"HS","HS-JC"
"532",2,1,"HS","HS-JC"
"533",2,1,"HS","HS-JC"
"534",2,1,"HS","HS-JC"
"535",2,1,"HS","HS-JC"
"536",2,1,"HS","HS-JC"
"537",2,1,"HS","HS-JC"
"538",2,1,"HS","HS-JC"
"539",2,1,"HS","HS-JC"
"540",2,1,"HS","HS-JC"
"541",2,1,"HS","HS-JC"
"542",2,1,"HS","HS-JC"
"543",2,1,"HS","HS-JC"
"544",2,1,"HS","HS-JC"
"545",2,1,"HS","HS-JC"
"546",2,1,"HS","HS-JC"
"547",2,1,"HS","HS-JC"
"548",2,1,"HS","HS-JC"
"549",2,1,"HS","HS-JC"
"550",2,1,"HS","HS-JC"
"551",2,1,"HS","HS-JC"
"552",2,1,"HS","HS-JC"
"553",2,1,"HS","HS-JC"
"554",2,1,"HS","HS-JC"
"555",2,1,"HS","HS-JC"
"556",2,1,"HS","HS-JC"
"557",2,1,"HS","HS-JC"
"558",2,1,"HS","HS-JC"
"559",2,1,"HS","HS-JC"
"560",2,1,"HS","HS-JC"
"561",2,1,"HS","HS-JC"
"562",2,1,"HS","HS-JC"
"563",2,1,"HS","HS-JC"
"564",2,1,"HS","HS-JC"
"565",2,1,"HS","HS-JC"
"566",2,1,"HS","HS-JC"
"567",2,1,"HS","HS-JC"
"568",2,1,"HS","HS-JC"
"569",2,1,"HS","HS-JC"
"570",2,1,"HS","HS-JC"
"571",2,1,"HS","HS-JC"
"572",2,1,"HS","HS-JC"
"573",2,1,"HS","HS-JC"
"574",2,1,"HS","HS-JC"
"575",2,1,"HS","HS-JC"
"576",2,1,"HS","HS-JC"
"577",2,1,"HS","HS-JC"
"578",2,1,"HS","HS-JC"
"579",2,1,"HS","HS-JC"
"580",2,1,"HS","HS-JC"
"581",2,1,"HS","HS-JC"
"582",2,1,"HS","HS-JC"
"583",2,1,"HS","HS-JC"
"584",2,1,"HS","HS-JC"
"585",2,1,"HS","HS-JC"
"586",2,1,"HS","HS-JC"
"587",2,1,"HS","HS-JC"
"588",2,1,"HS","HS-JC"
"589",2,1,"HS","HS-JC"
"590",2,1,"HS","HS-JC"
"591",2,1,"HS","HS-JC"
"592",2,1,"HS","HS-JC"
"593",2,1,"HS","HS-JC"
"594",2,1,"HS","HS-JC"
"595",2,1,"HS","HS-JC"
"596",2,1,"HS","HS-JC"
"597",2,1,"HS","HS-JC"
"598",2,1,"HS","HS-JC"
"599",2,1,"HS","HS-JC"
"600",2,1,"HS","HS-JC"
"601",2,1,"HS","HS-JC"
"602",2,1,"HS","HS-JC"
"603",2,1,"HS","HS-JC"
"604",2,1,"HS","HS-JC"
"605",2,1,"HS","HS-JC"
"606",2,1,"HS","HS-JC"
"607",2,1,"HS","HS-JC"
"608",2,1,"HS","HS-JC"
"609",2,1,"HS","HS-JC"
"610",2,1,"HS","HS-JC"
"611",2,1,"HS","HS-JC"
"612",2,1,"HS","HS-JC"
"613",2,1,"HS","HS-JC"
"614",2,1,"HS","HS-JC"
"615",2,1,"HS","HS-JC"
"616",2,1,"HS","HS-JC"
"617",2,1,"HS","HS-JC"
"618",2,1,"HS","HS-JC"
"619",2,1,"HS","HS-JC"
"620",2,1,"HS","HS-JC"
"621",2,1,"HS","HS-JC"
"622",2,1,"HS","HS-JC"
"623",2,1,"HS","HS-JC"
"624",2,1,"HS","HS-JC"
"625",2,1,"HS","HS-JC"
"626",2,1,"HS","HS-JC"
"627",2,1,"HS","HS-JC"
"628",2,1,"HS","HS-JC"
"629",2,1,"HS","HS-JC"
"630",2,1,"HS","HS-JC"
"631",2,1,"HS","HS-JC"
"632",2,1,"HS","HS-JC"
"633",2,1,"HS","HS-JC"
"634",2,1,"HS","HS-JC"
"635",2,1,"HS","HS-JC"
"636",2,1,"HS","HS-JC"
"637",2,1,"HS","HS-JC"
"638",2,1,"HS","HS-JC"
"639",2,1,"HS","HS-JC"
"640",2,1,"HS","HS-JC"
"641",2,1,"HS","HS-JC"
"642",2,1,"HS","HS-JC"
"643",2,1,"HS","HS-JC"
"644",2,1,"HS","HS-JC"
"645",2,1,"HS","HS-JC"
"646",2,1,"HS","HS-JC"
"647",2,1,"HS","HS-JC"
"648",2,1,"HS","HS-JC"
"649",2,2,"JC","HS-JC"
"650",2,2,"JC","HS-JC"
"651",2,2,"JC","HS-JC"
"652",2,2,"JC","HS-JC"
"653",2,2,"JC","HS-JC"
"654",2,2,"JC","HS-JC"
"655",2,2,"JC","HS-JC"
"656",2,2,"JC","HS-JC"
"657",2,2,"JC","HS-JC"
"658",2,2,"JC","HS-JC"
"659",2,2,"JC","HS-JC"
"660",2,2,"JC","HS-JC"
"661",2,2,"JC","HS-JC"
"662",2,2,"JC","HS-JC"
"663",2,2,"JC","HS-JC"
"664",2,2,"JC","HS-JC"
"665",2,2,"JC","HS-JC"
"666",2,2,"JC","HS-JC"
"667",2,2,"JC","HS-JC"
"668",2,2,"JC","HS-JC"
"669",2,2,"JC","HS-JC"
"670",2,2,"JC","HS-JC"
"671",2,2,"JC","HS-JC"
"672",2,2,"JC","HS-JC"
"673",2,2,"JC","HS-JC"
"674",2,2,"JC","HS-JC"
"675",2,2,"JC","HS-JC"
"676",2,3,"BA","BA"
"677",2,3,"BA","BA"
"678",2,3,"BA","BA"
"679",2,3,"BA","BA"
"680",2,3,"BA","BA"
"681",2,3,"BA","BA"
"682",2,3,"BA","BA"
"683",2,3,"BA","BA"
"684",2,3,"BA","BA"
"685",2,3,"BA","BA"
"686",2,3,"BA","BA"
"687",2,3,"BA","BA"
"688",2,3,"BA","BA"
"689",2,3,"BA","BA"
"690",2,3,"BA","BA"
"691",2,3,"BA","BA"
"692",2,3,"BA","BA"
"693",2,3,"BA","BA"
"694",2,3,"BA","BA"
"695",2,3,"BA","BA"
"696",2,3,"BA","BA"
"697",2,3,"BA","BA"
"698",2,3,"BA","BA"
"699",2,3,"BA","BA"
"700",2,3,"BA","BA"
"701",2,3,"BA","BA"
"702",2,3,"BA","BA"
"703",2,3,"BA","BA"
"704",2,3,"BA","BA"
"705",2,3,"BA","BA"
"706",2,3,"BA","BA"
"707",2,3,"BA","BA"
"708",2,3,"BA","BA"
"709",2,3,"BA","BA"
"710",2,3,"BA","BA"
"711",2,3,"BA","BA"
"712",2,3,"BA","BA"
"713",2,3,"BA","BA"
"714",2,3,"BA","BA"
"715",2,3,"BA","BA"
"716",2,3,"BA","BA"
"717",2,3,"BA","BA"
"718",2,3,"BA","BA"
"719",2,3,"BA","BA"
"720",2,3,"BA","BA"
"721",2,3,"BA","BA"
"722",2,3,"BA","BA"
"723",2,3,"BA","BA"
"724",2,3,"BA","BA"
"725",2,3,"BA","BA"
"726",2,3,"BA","BA"
"727",2,3,"BA","BA"
"728",2,3,"BA","BA"
"729",2,3,"BA","BA"
"730",2,3,"BA","BA"
"731",2,3,"BA","BA"
"732",2,3,"BA","BA"
"733",2,3,"BA","BA"
"734",2,3,"BA","BA"
"735",2,3,"BA","BA"
"736",2,3,"BA","BA"
"737",2,3,"BA","BA"
"738",2,3,"BA","BA"
"739",2,3,"BA","BA"
"740",2,3,"BA","BA"
"741",2,3,"BA","BA"
"742",2,3,"BA","BA"
"743",2,3,"BA","BA"
"744",2,3,"BA","BA"
"745",2,4,"Grad","Grad"
"746",2,4,"Grad","Grad"
"747",2,4,"Grad","Grad"
"748",2,4,"Grad","Grad"
"749",2,4,"Grad","Grad"
"750",2,4,"Grad","Grad"
"751",2,4,"Grad","Grad"
"752",2,4,"Grad","Grad"
"753",2,4,"Grad","Grad"
"754",2,4,"Grad","Grad"
"755",2,4,"Grad","Grad"
"756",2,4,"Grad","Grad"
"757",2,4,"Grad","Grad"
"758",2,4,"Grad","Grad"
"759",2,4,"Grad","Grad"
"760",2,4,"Grad","Grad"
"761",2,4,"Grad","Grad"
"762",2,4,"Grad","Grad"
"763",2,4,"Grad","Grad"
"764",2,4,"Grad","Grad"
"765",2,4,"Grad","Grad"
"766",2,4,"Grad","Grad"
"767",2,4,"Grad","Grad"
"768",2,4,"Grad","Grad"
"769",2,4,"Grad","Grad"
"770",2,4,"Grad","Grad"
"771",2,4,"Grad","Grad"
"772",2,4,"Grad","Grad"
"773",2,4,"Grad","Grad"
"774",2,4,"Grad","Grad"
"775",2,4,"Grad","Grad"
"776",2,4,"Grad","Grad"
"777",2,4,"Grad","Grad"
"778",2,4,"Grad","Grad"
"779",2,4,"Grad","Grad"
"780",2,4,"Grad","Grad"
"781",2,4,"Grad","Grad"
"782",2,4,"Grad","Grad"
"783",2,4,"Grad","Grad"
"784",3,0,"<HS","<HS"
"785",3,0,"<HS","<HS"
"786",3,0,"<HS","<HS"
"787",3,0,"<HS","<HS"
"788",3,0,"<HS","<HS"
"789",3,0,"<HS","<HS"
"790",3,0,"<HS","<HS"
"791",3,0,"<HS","<HS"
"792",3,0,"<HS","<HS"
"793",3,0,"<HS","<HS"
"794",3,0,"<HS","<HS"
"795",3,0,"<HS","<HS"
"796",3,0,"<HS","<HS"
"797",3,0,"<HS","<HS"
"798",3,0,"<HS","<HS"
"799",3,0,"<HS","<HS"
"800",3,0,"<HS","<HS"
"801",3,0,"<HS","<HS"
"802",3,0,"<HS","<HS"
"803",3,0,"<HS","<HS"
"804",3,0,"<HS","<HS"
"805",3,0,"<HS","<HS"
"806",3,0,"<HS","<HS"
"807",3,0,"<HS","<HS"
"808",3,0,"<HS","<HS"
"809",3,0,"<HS","<HS"
"810",3,0,"<HS","<HS"
"811",3,0,"<HS","<HS"
"812",3,0,"<HS","<HS"
"813",3,0,"<HS","<HS"
"814",3,0,"<HS","<HS"
"815",3,0,"<HS","<HS"
"816",3,0,"<HS","<HS"
"817",3,0,"<HS","<HS"
"818",3,0,"<HS","<HS"
"819",3,0,"<HS","<HS"
"820",3,0,"<HS","<HS"
"821",3,0,"<HS","<HS"
"822",3,0,"<HS","<HS"
"823",3,0,"<HS","<HS"
"824",3,0,"<HS","<HS"
"825",3,0,"<HS","<HS"
"826",3,0,"<HS","<HS"
"827",3,0,"<HS","<HS"
"828",3,0,"<HS","<HS"
"829",3,0,"<HS","<HS"
"830",3,0,"<HS","<HS"
"831",3,0,"<HS","<HS"
"832",3,0,"<HS","<HS"
"833",3,0,"<HS","<HS"
"834",3,0,"<HS","<HS"
"835",3,0,"<HS","<HS"
"836",3,0,"<HS","<HS"
"837",3,0,"<HS","<HS"
"838",3,1,"HS","HS-JC"
"839",3,1,"HS","HS-JC"
"840",3,1,"HS","HS-JC"
"841",3,1,"HS","HS-JC"
"842",3,1,"HS","HS-JC"
"843",3,1,"HS","HS-JC"
"844",3,1,"HS","HS-JC"
"845",3,1,"HS","HS-JC"
"846",3,1,"HS","HS-JC"
"847",3,1,"HS","HS-JC"
"848",3,1,"HS","HS-JC"
"849",3,1,"HS","HS-JC"
"850",3,1,"HS","HS-JC"
"851",3,1,"HS","HS-JC"
"852",3,1,"HS","HS-JC"
"853",3,1,"HS","HS-JC"
"854",3,1,"HS","HS-JC"
"855",3,1,"HS","HS-JC"
"856",3,1,"HS","HS-JC"
"857",3,1,"HS","HS-JC"
"858",3,1,"HS","HS-JC"
"859",3,1,"HS","HS-JC"
"860",3,1,"HS","HS-JC"
"861",3,1,"HS","HS-JC"
"862",3,1,"HS","HS-JC"
"863",3,1,"HS","HS-JC"
"864",3,1,"HS","HS-JC"
"865",3,1,"HS","HS-JC"
"866",3,1,"HS","HS-JC"
"867",3,1,"HS","HS-JC"
"868",3,1,"HS","HS-JC"
"869",3,1,"HS","HS-JC"
"870",3,1,"HS","HS-JC"
"871",3,1,"HS","HS-JC"
"872",3,1,"HS","HS-JC"
"873",3,1,"HS","HS-JC"
"874",3,1,"HS","HS-JC"
"875",3,1,"HS","HS-JC"
"876",3,1,"HS","HS-JC"
"877",3,1,"HS","HS-JC"
"878",3,1,"HS","HS-JC"
"879",3,1,"HS","HS-JC"
"880",3,1,"HS","HS-JC"
"881",3,1,"HS","HS-JC"
"882",3,1,"HS","HS-JC"
"883",3,1,"HS","HS-JC"
"884",3,1,"HS","HS-JC"
"885",3,1,"HS","HS-JC"
"886",3,1,"HS","HS-JC"
"887",3,1,"HS","HS-JC"
"888",3,1,"HS","HS-JC"
"889",3,1,"HS","HS-JC"
"890",3,1,"HS","HS-JC"
"891",3,1,"HS","HS-JC"
"892",3,1,"HS","HS-JC"
"893",3,1,"HS","HS-JC"
"894",3,1,"HS","HS-JC"
"895",3,1,"HS","HS-JC"
"896",3,1,"HS","HS-JC"
"897",3,1,"HS","HS-JC"
"898",3,1,"HS","HS-JC"
"899",3,1,"HS","HS-JC"
"900",3,1,"HS","HS-JC"
"901",3,1,"HS","HS-JC"
"902",3,1,"HS","HS-JC"
"903",3,1,"HS","HS-JC"
"904",3,1,"HS","HS-JC"
"905",3,1,"HS","HS-JC"
"906",3,1,"HS","HS-JC"
"907",3,1,"HS","HS-JC"
"908",3,1,"HS","HS-JC"
"909",3,1,"HS","HS-JC"
"910",3,1,"HS","HS-JC"
"911",3,1,"HS","HS-JC"
"912",3,1,"HS","HS-JC"
"913",3,1,"HS","HS-JC"
"914",3,1,"HS","HS-JC"
"915",3,1,"HS","HS-JC"
"916",3,1,"HS","HS-JC"
"917",3,1,"HS","HS-JC"
"918",3,1,"HS","HS-JC"
"919",3,1,"HS","HS-JC"
"920",3,1,"HS","HS-JC"
"921",3,1,"HS","HS-JC"
"922",3,1,"HS","HS-JC"
"923",3,1,"HS","HS-JC"
"924",3,1,"HS","HS-JC"
"925",3,1,"HS","HS-JC"
"926",3,1,"HS","HS-JC"
"927",3,1,"HS","HS-JC"
"928",3,1,"HS","HS-JC"
"929",3,1,"HS","HS-JC"
"930",3,1,"HS","HS-JC"
"931",3,1,"HS","HS-JC"
"932",3,1,"HS","HS-JC"
"933",3,1,"HS","HS-JC"
"934",3,1,"HS","HS-JC"
"935",3,1,"HS","HS-JC"
"936",3,1,"HS","HS-JC"
"937",3,1,"HS","HS-JC"
"938",3,1,"HS","HS-JC"
"939",3,1,"HS","HS-JC"
"940",3,1,"HS","HS-JC"
"941",3,1,"HS","HS-JC"
"942",3,1,"HS","HS-JC"
"943",3,1,"HS","HS-JC"
"944",3,1,"HS","HS-JC"
"945",3,1,"HS","HS-JC"
"946",3,1,"HS","HS-JC"
"947",3,1,"HS","HS-JC"
"948",3,1,"HS","HS-JC"
"949",3,1,"HS","HS-JC"
"950",3,1,"HS","HS-JC"
"951",3,1,"HS","HS-JC"
"952",3,1,"HS","HS-JC"
"953",3,1,"HS","HS-JC"
"954",3,1,"HS","HS-JC"
"955",3,1,"HS","HS-JC"
"956",3,1,"HS","HS-JC"
"957",3,1,"HS","HS-JC"
"958",3,1,"HS","HS-JC"
"959",3,1,"HS","HS-JC"
"960",3,1,"HS","HS-JC"
"961",3,1,"HS","HS-JC"
"962",3,1,"HS","HS-JC"
"963",3,1,"HS","HS-JC"
"964",3,1,"HS","HS-JC"
"965",3,1,"HS","HS-JC"
"966",3,1,"HS","HS-JC"
"967",3,1,"HS","HS-JC"
"968",3,1,"HS","HS-JC"
"969",3,1,"HS","HS-JC"
"970",3,1,"HS","HS-JC"
"971",3,1,"HS","HS-JC"
"972",3,1,"HS","HS-JC"
"973",3,1,"HS","HS-JC"
"974",3,1,"HS","HS-JC"
"975",3,1,"HS","HS-JC"
"976",3,1,"HS","HS-JC"
"977",3,1,"HS","HS-JC"
"978",3,1,"HS","HS-JC"
"979",3,1,"HS","HS-JC"
"980",3,1,"HS","HS-JC"
"981",3,1,"HS","HS-JC"
"982",3,1,"HS","HS-JC"
"983",3,1,"HS","HS-JC"
"984",3,1,"HS","HS-JC"
"985",3,1,"HS","HS-JC"
"986",3,1,"HS","HS-JC"
"987",3,1,"HS","HS-JC"
"988",3,1,"HS","HS-JC"
"989",3,1,"HS","HS-JC"
"990",3,1,"HS","HS-JC"
"991",3,1,"HS","HS-JC"
"992",3,1,"HS","HS-JC"
"993",3,1,"HS","HS-JC"
"994",3,1,"HS","HS-JC"
"995",3,1,"HS","HS-JC"
"996",3,1,"HS","HS-JC"
"997",3,1,"HS","HS-JC"
"998",3,1,"HS","HS-JC"
"999",3,1,"HS","HS-JC"
"1000",3,1,"HS","HS-JC"
"1001",3,1,"HS","HS-JC"
"1002",3,1,"HS","HS-JC"
"1003",3,1,"HS","HS-JC"
"1004",3,1,"HS","HS-JC"
"1005",3,1,"HS","HS-JC"
"1006",3,1,"HS","HS-JC"
"1007",3,1,"HS","HS-JC"
"1008",3,1,"HS","HS-JC"
"1009",3,1,"HS","HS-JC"
"1010",3,1,"HS","HS-JC"
"1011",3,1,"HS","HS-JC"
"1012",3,1,"HS","HS-JC"
"1013",3,1,"HS","HS-JC"
"1014",3,1,"HS","HS-JC"
"1015",3,1,"HS","HS-JC"
"1016",3,1,"HS","HS-JC"
"1017",3,1,"HS","HS-JC"
"1018",3,1,"HS","HS-JC"
"1019",3,1,"HS","HS-JC"
"1020",3,1,"HS","HS-JC"
"1021",3,1,"HS","HS-JC"
"1022",3,1,"HS","HS-JC"
"1023",3,1,"HS","HS-JC"
"1024",3,1,"HS","HS-JC"
"1025",3,1,"HS","HS-JC"
"1026",3,2,"JC","HS-JC"
"1027",3,2,"JC","HS-JC"
"1028",3,2,"JC","HS-JC"
"1029",3,2,"JC","HS-JC"
"1030",3,2,"JC","HS-JC"
"1031",3,2,"JC","HS-JC"
"1032",3,2,"JC","HS-JC"
"1033",3,2,"JC","HS-JC"
"1034",3,2,"JC","HS-JC"
"1035",3,2,"JC","HS-JC"
"1036",3,2,"JC","HS-JC"
"1037",3,2,"JC","HS-JC"
"1038",3,2,"JC","HS-JC"
"1039",3,2,"JC","HS-JC"
"1040",3,2,"JC","HS-JC"
"1041",3,2,"JC","HS-JC"
"1042",3,2,"JC","HS-JC"
"1043",3,2,"JC","HS-JC"
"1044",3,2,"JC","HS-JC"
"1045",3,2,"JC","HS-JC"
"1046",3,2,"JC","HS-JC"
"1047",3,2,"JC","HS-JC"
"1048",3,2,"JC","HS-JC"
"1049",3,2,"JC","HS-JC"
"1050",3,2,"JC","HS-JC"
"1051",3,2,"JC","HS-JC"
"1052",3,2,"JC","HS-JC"
"1053",3,2,"JC","HS-JC"
"1054",3,2,"JC","HS-JC"
"1055",3,3,"BA","BA"
"1056",3,3,"BA","BA"
"1057",3,3,"BA","BA"
"1058",3,3,"BA","BA"
"1059",3,3,"BA","BA"
"1060",3,3,"BA","BA"
"1061",3,3,"BA","BA"
"1062",3,3,"BA","BA"
"1063",3,3,"BA","BA"
"1064",3,3,"BA","BA"
"1065",3,3,"BA","BA"
"1066",3,3,"BA","BA"
"1067",3,3,"BA","BA"
"1068",3,3,"BA","BA"
"1069",3,3,"BA","BA"
"1070",3,3,"BA","BA"
"1071",3,3,"BA","BA"
"1072",3,3,"BA","BA"
"1073",3,3,"BA","BA"
"1074",3,3,"BA","BA"
"1075",3,3,"BA","BA"
"1076",3,3,"BA","BA"
"1077",3,3,"BA","BA"
"1078",3,3,"BA","BA"
"1079",3,3,"BA","BA"
"1080",3,3,"BA","BA"
"1081",3,3,"BA","BA"
"1082",3,3,"BA","BA"
"1083",3,3,"BA","BA"
"1084",3,3,"BA","BA"
"1085",3,3,"BA","BA"
"1086",3,3,"BA","BA"
"1087",3,3,"BA","BA"
"1088",3,3,"BA","BA"
"1089",3,3,"BA","BA"
"1090",3,3,"BA","BA"
"1091",3,3,"BA","BA"
"1092",3,3,"BA","BA"
"1093",3,3,"BA","BA"
"1094",3,3,"BA","BA"
"1095",3,3,"BA","BA"
"1096",3,3,"BA","BA"
"1097",3,3,"BA","BA"
"1098",3,3,"BA","BA"
"1099",3,3,"BA","BA"
"1100",3,3,"BA","BA"
"1101",3,3,"BA","BA"
"1102",3,3,"BA","BA"
"1103",3,3,"BA","BA"
"1104",3,4,"Grad","Grad"
"1105",3,4,"Grad","Grad"
"1106",3,4,"Grad","Grad"
"1107",3,4,"Grad","Grad"
"1108",3,4,"Grad","Grad"
"1109",3,4,"Grad","Grad"
"1110",3,4,"Grad","Grad"
"1111",3,4,"Grad","Grad"
"1112",3,4,"Grad","Grad"
"1113",3,4,"Grad","Grad"
"1114",3,4,"Grad","Grad"
"1115",3,4,"Grad","Grad"
"1116",3,4,"Grad","Grad"
"1117",3,4,"Grad","Grad"
"1118",3,4,"Grad","Grad"
"1119",3,4,"Grad","Grad"
"1120",3,4,"Grad","Grad"
"1121",3,4,"Grad","Grad"
"1122",3,4,"Grad","Grad"
"1123",3,4,"Grad","Grad"
"1124",3,4,"Grad","Grad"
"1125",3,4,"Grad","Grad"
"1126",3,4,"Grad","Grad"
"1127",3,4,"Grad","Grad"
"1128",3,4,"Grad","Grad"
"1129",4,0,"<HS","<HS"
"1130",4,0,"<HS","<HS"
"1131",4,0,"<HS","<HS"
"1132",4,0,"<HS","<HS"
"1133",4,0,"<HS","<HS"
"1134",4,0,"<HS","<HS"
"1135",4,0,"<HS","<HS"
"1136",4,0,"<HS","<HS"
"1137",4,0,"<HS","<HS"
"1138",4,0,"<HS","<HS"
"1139",4,0,"<HS","<HS"
"1140",4,0,"<HS","<HS"
"1141",4,0,"<HS","<HS"
"1142",4,0,"<HS","<HS"
"1143",4,0,"<HS","<HS"
"1144",4,0,"<HS","<HS"
"1145",4,0,"<HS","<HS"
"1146",4,0,"<HS","<HS"
"1147",4,0,"<HS","<HS"
"1148",4,0,"<HS","<HS"
"1149",4,0,"<HS","<HS"
"1150",4,0,"<HS","<HS"
"1151",4,0,"<HS","<HS"
"1152",4,1,"HS","HS-JC"
"1153",4,1,"HS","HS-JC"
"1154",4,1,"HS","HS-JC"
"1155",4,1,"HS","HS-JC"
"1156",4,1,"HS","HS-JC"
"1157",4,1,"HS","HS-JC"
"1158",4,1,"HS","HS-JC"
"1159",4,1,"HS","HS-JC"
"1160",4,1,"HS","HS-JC"
"1161",4,1,"HS","HS-JC"
"1162",4,1,"HS","HS-JC"
"1163",4,1,"HS","HS-JC"
"1164",4,1,"HS","HS-JC"
"1165",4,1,"HS","HS-JC"
"1166",4,1,"HS","HS-JC"
"1167",4,1,"HS","HS-JC"
"1168",4,1,"HS","HS-JC"
"1169",4,1,"HS","HS-JC"
"1170",4,1,"HS","HS-JC"
"1171",4,1,"HS","HS-JC"
"1172",4,1,"HS","HS-JC"
"1173",4,1,"HS","HS-JC"
"1174",4,1,"HS","HS-JC"
"1175",4,1,"HS","HS-JC"
"1176",4,1,"HS","HS-JC"
"1177",4,1,"HS","HS-JC"
"1178",4,1,"HS","HS-JC"
"1179",4,1,"HS","HS-JC"
"1180",4,1,"HS","HS-JC"
"1181",4,1,"HS","HS-JC"
"1182",4,1,"HS","HS-JC"
"1183",4,1,"HS","HS-JC"
"1184",4,1,"HS","HS-JC"
"1185",4,1,"HS","HS-JC"
"1186",4,1,"HS","HS-JC"
"1187",4,1,"HS","HS-JC"
"1188",4,1,"HS","HS-JC"
"1189",4,1,"HS","HS-JC"
"1190",4,1,"HS","HS-JC"
"1191",4,1,"HS","HS-JC"
"1192",4,1,"HS","HS-JC"
"1193",4,1,"HS","HS-JC"
"1194",4,1,"HS","HS-JC"
"1195",4,1,"HS","HS-JC"
"1196",4,1,"HS","HS-JC"
"1197",4,1,"HS","HS-JC"
"1198",4,1,"HS","HS-JC"
"1199",4,1,"HS","HS-JC"
"1200",4,1,"HS","HS-JC"
"1201",4,1,"HS","HS-JC"
"1202",4,1,"HS","HS-JC"
"1203",4,1,"HS","HS-JC"
"1204",4,1,"HS","HS-JC"
"1205",4,1,"HS","HS-JC"
"1206",4,1,"HS","HS-JC"
"1207",4,1,"HS","HS-JC"
"1208",4,1,"HS","HS-JC"
"1209",4,1,"HS","HS-JC"
"1210",4,1,"HS","HS-JC"
"1211",4,1,"HS","HS-JC"
"1212",4,1,"HS","HS-JC"
"1213",4,1,"HS","HS-JC"
"1214",4,1,"HS","HS-JC"
"1215",4,1,"HS","HS-JC"
"1216",4,1,"HS","HS-JC"
"1217",4,1,"HS","HS-JC"
"1218",4,1,"HS","HS-JC"
"1219",4,1,"HS","HS-JC"
"1220",4,1,"HS","HS-JC"
"1221",4,1,"HS","HS-JC"
"1222",4,1,"HS","HS-JC"
"1223",4,1,"HS","HS-JC"
"1224",4,1,"HS","HS-JC"
"1225",4,1,"HS","HS-JC"
"1226",4,1,"HS","HS-JC"
"1227",4,1,"HS","HS-JC"
"1228",4,1,"HS","HS-JC"
"1229",4,1,"HS","HS-JC"
"1230",4,1,"HS","HS-JC"
"1231",4,1,"HS","HS-JC"
"1232",4,1,"HS","HS-JC"
"1233",4,1,"HS","HS-JC"
"1234",4,1,"HS","HS-JC"
"1235",4,1,"HS","HS-JC"
"1236",4,1,"HS","HS-JC"
"1237",4,1,"HS","HS-JC"
"1238",4,1,"HS","HS-JC"
"1239",4,1,"HS","HS-JC"
"1240",4,1,"HS","HS-JC"
"1241",4,1,"HS","HS-JC"
"1242",4,1,"HS","HS-JC"
"1243",4,1,"HS","HS-JC"
"1244",4,1,"HS","HS-JC"
"1245",4,1,"HS","HS-JC"
"1246",4,1,"HS","HS-JC"
"1247",4,1,"HS","HS-JC"
"1248",4,1,"HS","HS-JC"
"1249",4,1,"HS","HS-JC"
"1250",4,1,"HS","HS-JC"
"1251",4,1,"HS","HS-JC"
"1252",4,1,"HS","HS-JC"
"1253",4,1,"HS","HS-JC"
"1254",4,1,"HS","HS-JC"
"1255",4,1,"HS","HS-JC"
"1256",4,1,"HS","HS-JC"
"1257",4,1,"HS","HS-JC"
"1258",4,1,"HS","HS-JC"
"1259",4,1,"HS","HS-JC"
"1260",4,1,"HS","HS-JC"
"1261",4,1,"HS","HS-JC"
"1262",4,1,"HS","HS-JC"
"1263",4,1,"HS","HS-JC"
"1264",4,1,"HS","HS-JC"
"1265",4,1,"HS","HS-JC"
"1266",4,1,"HS","HS-JC"
"1267",4,1,"HS","HS-JC"
"1268",4,1,"HS","HS-JC"
"1269",4,2,"JC","HS-JC"
"1270",4,2,"JC","HS-JC"
"1271",4,2,"JC","HS-JC"
"1272",4,2,"JC","HS-JC"
"1273",4,2,"JC","HS-JC"
"1274",4,2,"JC","HS-JC"
"1275",4,2,"JC","HS-JC"
"1276",4,2,"JC","HS-JC"
"1277",4,2,"JC","HS-JC"
"1278",4,2,"JC","HS-JC"
"1279",4,2,"JC","HS-JC"
"1280",4,2,"JC","HS-JC"
"1281",4,2,"JC","HS-JC"
"1282",4,2,"JC","HS-JC"
"1283",4,3,"BA","BA"
"1284",4,3,"BA","BA"
"1285",4,3,"BA","BA"
"1286",4,3,"BA","BA"
"1287",4,3,"BA","BA"
"1288",4,3,"BA","BA"
"1289",4,3,"BA","BA"
"1290",4,3,"BA","BA"
"1291",4,3,"BA","BA"
"1292",4,3,"BA","BA"
"1293",4,3,"BA","BA"
"1294",4,3,"BA","BA"
"1295",4,3,"BA","BA"
"1296",4,3,"BA","BA"
"1297",4,3,"BA","BA"
"1298",4,3,"BA","BA"
"1299",4,3,"BA","BA"
"1300",4,3,"BA","BA"
"1301",4,4,"Grad","Grad"
"1302",4,4,"Grad","Grad"
"1303",4,4,"Grad","Grad"
"1304",4,4,"Grad","Grad"
"1305",4,4,"Grad","Grad"
"1306",4,4,"Grad","Grad"
"1307",4,4,"Grad","Grad"
"1308",4,4,"Grad","Grad"
"1309",5,0,"<HS","<HS"
"1310",5,0,"<HS","<HS"
"1311",5,0,"<HS","<HS"
"1312",5,0,"<HS","<HS"
"1313",5,0,"<HS","<HS"
"1314",5,0,"<HS","<HS"
"1315",5,0,"<HS","<HS"
"1316",5,0,"<HS","<HS"
"1317",5,1,"HS","HS-JC"
"1318",5,1,"HS","HS-JC"
"1319",5,1,"HS","HS-JC"
"1320",5,1,"HS","HS-JC"
"1321",5,1,"HS","HS-JC"
"1322",5,1,"HS","HS-JC"
"1323",5,1,"HS","HS-JC"
"1324",5,1,"HS","HS-JC"
"1325",5,1,"HS","HS-JC"
"1326",5,1,"HS","HS-JC"
"1327",5,1,"HS","HS-JC"
"1328",5,1,"HS","HS-JC"
"1329",5,1,"HS","HS-JC"
"1330",5,1,"HS","HS-JC"
"1331",5,1,"HS","HS-JC"
"1332",5,1,"HS","HS-JC"
"1333",5,1,"HS","HS-JC"
"1334",5,1,"HS","HS-JC"
"1335",5,1,"HS","HS-JC"
"1336",5,1,"HS","HS-JC"
"1337",5,1,"HS","HS-JC"
"1338",5,1,"HS","HS-JC"
"1339",5,1,"HS","HS-JC"
"1340",5,1,"HS","HS-JC"
"1341",5,1,"HS","HS-JC"
"1342",5,1,"HS","HS-JC"
"1343",5,1,"HS","HS-JC"
"1344",5,1,"HS","HS-JC"
"1345",5,1,"HS","HS-JC"
"1346",5,1,"HS","HS-JC"
"1347",5,1,"HS","HS-JC"
"1348",5,1,"HS","HS-JC"
"1349",5,1,"HS","HS-JC"
"1350",5,1,"HS","HS-JC"
"1351",5,2,"JC","HS-JC"
"1352",5,2,"JC","HS-JC"
"1353",5,3,"BA","BA"
"1354",5,3,"BA","BA"
"1355",5,3,"BA","BA"
"1356",5,3,"BA","BA"
"1357",5,3,"BA","BA"
"1358",5,3,"BA","BA"
"1359",5,3,"BA","BA"
"1360",5,3,"BA","BA"
"1361",5,4,"Grad","Grad"
"1362",5,4,"Grad","Grad"
"1363",5,4,"Grad","Grad"
